vw,up,us,lt,aero_force,v_app,yaw_rate,yaw_rate_paper,gk,gk_paper,kite_vel,aoa,elevation,azimuth,cs,turn_radius,usva_3,yaw_rate_3,usva_4,yaw_rate_4,usva_5,yaw_rate_5,usva_6,yaw_rate_6,usva_7,yaw_rate_7,usva_8,yaw_rate_8,usva_9,yaw_rate_9,usva_10,yaw_rate_10
8.0,0.25,0.05,262.0,38939.3125,54.865116119384766,40.76776103722295,40.78294456584106,12.572779161368908,0.011109198880579853,54.30812072753906,3.9581410884857178,0.5338202714920044,0.05078393593430519,0.07615950363000173,2.5692569461017554,0.07630404285252403,0.4670831683229228,0.6462887187276455,11.608232904653079,1.931584074906588,26.928634643554698,2.4419918685036643,34.83864831142739,2.437475321354767,30.57793038790342,2.3531158656438222,27.230709888896026,2.33775634491038,27.779666087666527,2.435482006596897,31.576463042712632
8.0,0.25,0.08,262.0,27660.130859375,58.94498825073242,84.32102462089652,84.30076642653682,17.95359847598684,0.3829379527168617,58.39873504638672,1.502010464668274,0.574243426322937,0.40667521953582764,9.485195334330875e-5,1.4815082102769621,0.10660568226699205,0.6392427033088246,0.9518980250550345,16.32638372358729,2.769593693397226,38.20633309786436,3.475395366366734,44.341443171266626,3.589124805962166,41.82126654953251,3.7145084057804536,47.98112212634481,3.998380015280824,54.018904889216245,4.342261163333835,51.685495845607086
8.0,0.25,0.1,262.0,27679.126953125,49.52251434326172,70.98961801997929,72.5179798311685,13.162462035220386,-2.480926353954194,48.610374450683594,5.244726181030273,15.246599197387695,4.951300144195557,0.03408390927960964,40.904018833011115,0.13689886872513413,0.8114905313390202,1.2624675686124753,21.091565304115157,3.5287690341612183,49.24503576560095,4.338137994741357,52.91859861280094,4.652635104912675,59.223310126632924,5.0581646433990475,67.03066466284587,5.474500933853347,63.76670462186225,5.566670083632246,73.14487144595297
8.0,0.25,0.12,262.0,31820.28125,50.565956115722656,86.90567197133812,86.89326991506124,12.982947514992137,-4.318816633794548e-5,49.96052169799805,4.311713218688965,0.11283738166093826,0.01878013275563717,0.032627234396425425,1.0319576438213354,0.16877255689559048,1.0856494038808542,1.5982575335991058,26.078697423465933,4.274891830407663,57.538315819912235,5.092076730393883,63.55009985751794,5.46160480986771,77.3783899526127,5.93536993372012,73.9685158651384,6.174250291605799,83.2448190157532,6.002591341419826,79.57919761782796
8.0,0.25,0.15,262.0,26319.3515625,46.232337951660156,94.48631282807034,94.46766303860562,13.088326276235295,0.20061732838071739,45.56974792480469,4.820598125457764,0.07798155397176743,-0.049678102135658264,0.01995465335340644,0.07227337077498164,0.19953598891282537,1.289474541535143,1.9227990101781636,30.524189003178343,4.989210147452272,63.4690850679992,5.813568181120826,72.96421989065702,6.253059087306131,85.28745057152918,6.674615248692507,81.59954133580952,6.660058515065004,92.8309005987449,6.3858190917373685,78.9234999359632
8.0,0.25,0.18,262.0,18611.416015625,46.09330749511719,130.11887992626222,130.0959764536062,15.904398591975466,-0.018569905972757775,45.41695022583008,1.7318735122680664,0.0989021435379982,-0.006161626894026995,0.06360679160393119,0.367619438282553,0.23019617511730975,1.4854608280736894,2.2511020420896655,34.72610633881366,5.683724937489016,70.48274681216382,6.438962860681081,83.17666475890108,6.796657060969091,85.84544197457733,7.129381562226443,89.9687219838628,6.957348752259052,90.16272372886793,6.777918505272372,85.1915003041753
8.0,0.25,0.2,262.0,18564.79296875,44.997562408447266,134.9999804720047,134.9989813317954,14.827088786761832,-0.17366481354403865,44.305938720703125,2.1709847450256348,0.11133087426424026,0.18875251710414886,0.06551942873778227,0.20382919114483664,0.2609277168917552,1.684632934019214,2.5835461704270237,38.55340156398834,6.416749226932165,78.03638020499805,7.588108410249307,112.55371594038158,8.10277967478744,114.3277828028944,7.888982369621915,119.27745381339659,7.633850565956211,109.61695936859641,8.144452671223819,115.80364289830953
8.0,0.25,0.22,262.0,16740.650390625,42.439579010009766,133.26482044659224,133.2475510886676,13.82493321383681,-0.007650132410294623,41.70448303222656,2.936265230178833,0.08651827275753021,0.004908820614218712,0.06997421603038272,0.19148682499283234,0.29159521435029584,1.8754904851561687,2.918140113279642,42.557138067777025,7.139706554701868,87.13565638807947,8.12968653050943,110.04773749679809,8.583481414134841,113.60433609759221,8.47670764970121,117.86363945632688,8.231191705490769,109.90812708119888,8.75128811276944,115.89849753458003
8.0,0.25,0.25,262.0,13778.6552734375,37.644954681396484,121.5003944655057,121.47971204069795,12.797866867060176,0.1303056714867784,36.81834411621094,4.753714084625244,0.11768218874931335,0.06443964689970016,0.061393626631533395,0.0839269281638209,0.322313959263154,2.071647612286396,3.2527693226351024,46.1353346949718,7.765349171331486,92.42982082679617,8.46877883174553,110.72761410572484,8.655239910916782,110.14560887070947,8.420159808235374,109.38306464523576,8.33720864102235,108.26963330878597,8.73487105992733,109.94817014600422
8.0,0.25,0.28,262.0,12961.357421875,33.59297180175781,106.93224631832194,106.91408192784472,11.440938190244882,-0.015444321164059319,32.67472457885742,7.772242546081543,0.13763970136642456,0.022983944043517113,0.027660560129614535,0.2700832549216425,0.3529698756800733,2.265155010047506,3.589263195818507,49.592398659127696,8.399744968768347,98.70008374823892,8.942486269985208,111.19543356973611,9.05083660505193,111.90043465035855,8.858170193226588,108.55620837602471,8.786878899433608,107.61147420914457,8.93444157277347,101.26963130763332
8.0,0.25,0.3,262.0,11860.857421875,32.58027267456055,107.96567759540076,107.94712886277277,10.939804048630117,-0.0024129202714563594,31.632999420166016,7.96027135848999,0.1271558552980423,0.027441279962658882,0.03521158247833897,0.2739765526613823,0.38358995398316503,2.4559953246937423,3.9252605083797896,53.18415665235679,9.033230525567847,103.45952018362571,9.407099513634027,110.12203028944667,9.297477904815675,107.37721927830424,9.027086836548127,100.35677550268966,8.985424704525133,99.5128694127818,9.220999756827133,95.9812451972337
8.0,0.25,0.32,262.0,10907.31640625,31.636980056762695,108.44958131978004,108.43144973200427,10.462461339145758,-0.08166768129661844,30.660390853881836,8.134671211242676,0.11717371642589569,0.004391268827021122,0.041802852883451855,0.28938502285623113,0.41419749318193966,2.6466637434529483,4.265505729843432,56.38743908678903,9.608656317281017,106.45600365810701,9.839990362093403,109.08592349193131,9.656533356541857,107.73400478675711,9.397880832833415,99.27720366931364,9.398438460749833,100.36725153688528,9.693004241532309,97.15978403560457
8.0,0.32,0.05,262.0,11628.9287109375,36.52009963989258,25.869011252030884,25.885598981002783,13.428035300306453,0.021966611585045547,35.67789077758789,1.53453528881073,0.500078022480011,0.12069879472255707,0.04083881375150344,0.2165487214604082,0.09823910895859474,0.41036215351253263,0.7993857424863994,8.301431360791943,1.539194653941262,22.80748304773548,1.5796736571906136,25.88980565305615,1.4831555557856382,22.10951633140688,1.4070615214868771,18.751823550365025,1.3608364192083744,16.577205970639106,1.34562373372962,15.70175170898439
8.0,0.32,0.08,262.0,11948.970703125,37.09613800048828,36.51979715620311,36.5029797347858,12.658218384627128,0.4076225107405573,36.26759719848633,1.5236549377441406,0.06637687981128693,0.19552704691886902,0.027587916967996194,0.03411463862477099,0.13805659070439372,0.5878304396985008,1.1732445305710273,12.147368114502711,2.2773133888444317,31.134256769399194,2.339408092780047,31.746188304463356,2.230493412752065,26.475084648757672,2.1862230774074707,24.09534391809685,2.212577768312208,24.79387627273312,2.3045177675512902,27.89121033715422
8.0,0.32,0.1,262.0,11857.724609375,37.031558990478516,45.30212249781287,45.29117732417336,11.913713867376904,0.07808301531719905,36.20045852661133,1.5563180446624756,0.36428722739219666,0.07215146720409393,0.015782731310432514,0.572800652374701,0.17800925267795714,0.7658180777655275,1.5479139325123523,15.872795503647602,3.0145209317727906,37.89857145215643,3.102664508375887,36.00287265464907,3.0030439810259297,31.346433045434154,3.029024755739195,32.56875960553282,3.1651784513437575,37.856095110783855,3.3793018069152017,41.8443723584785
8.0,0.32,0.12,262.0,11634.416015625,36.73152542114258,53.09634103951425,53.08767725682118,11.332250833166835,0.14482219892032985,35.8935432434082,1.631661057472229,0.10780604928731918,0.10139376670122147,0.004782421062928282,0.5633156431224604,0.21776080969499303,0.9476525605213448,1.9221857408520864,19.502284878590075,3.74688663206579,43.479027669937864,3.850085866849068,39.993213591028415,3.7809442392563937,37.72383893122438,3.8960069047697727,43.42692891105282,4.140478201133626,48.5709618740395,4.385168634187214,46.00467869492833
8.0,0.32,0.15,262.0,11372.24609375,36.332252502441406,60.19743779682551,60.18485803374194,10.870244628928065,0.04020460998705024,35.48484420776367,1.7500468492507935,0.23145049810409546,0.08113117516040802,0.005708054365266845,0.2853258225150617,0.2574669885384524,1.1340374768268868,2.2960824023286253,23.04973113732261,4.477011526638819,48.472278157218526,4.589127459349009,43.983637074955155,4.548748920205325,45.488058621766115,4.775729964320796,53.460208079854056,5.098448959744844,53.52189361071981,5.293867413844366,53.512963466957025
8.0,0.32,0.18,262.0,11101.6845703125,35.91147232055664,66.24716193134478,66.23431174960963,10.405683574078598,0.23555280961284053,35.05463790893555,1.8822015523910522,0.07827100902795792,0.13559171557426453,0.015333820339671417,0.19469193402271057,0.29722839696156256,1.322062849754193,2.6695611202172107,26.32278125794209,5.202117812355453,53.09354688300458,5.340918665146554,48.765849129098335,5.366084542556191,54.68563392514084,5.699324281260878,60.94755579213631,6.004784953956424,57.54219930680077,6.020845160068365,65.49724641393449
8.0,0.32,0.2,262.0,10785.130859375,35.425071716308594,70.85674522996166,70.84143788603483,9.894745996255375,0.07864177791216706,34.556095123291016,1.9778273105621338,0.17035230994224548,-0.05053353309631348,0.023773144496940325,0.21454271589303986,0.33696114769530233,1.5128676361236415,3.042055752571656,29.558743727011766,5.922056701501746,57.24587424856715,6.077914625776711,53.80792836673921,6.168111919710868,62.99793180872186,6.568089080743386,63.98008252753593,6.787591756640181,64.0174540535349,6.637731521561022,73.36441790471316
8.0,0.32,0.22,262.0,10553.1494140625,35.06385040283203,76.03352891705553,76.02167429146118,9.552418120626038,-0.01622497965425975,34.1853141784668,2.1787045001983643,0.1420552283525467,0.012806916609406471,0.032452766510050676,0.47062468846432026,0.3766758327243216,1.7077108032879282,3.4163318691520232,32.66602266030234,6.638006090445472,60.97536681128328,6.790655049989693,59.50476724593363,6.914067301674647,68.7061697537782,7.349027701987886,65.28799588563018,7.437243145113093,70.52331142738227,7.1467340579920275,71.62479588242836
8.0,0.32,0.25,262.0,10205.474609375,34.53291320800781,79.69093692717877,79.67609256942836,9.162594898172316,0.01601408059678614,33.64080047607422,2.3332417011260986,0.03529979661107063,0.2221483588218689,0.039947005715599684,0.16287587224489733,0.4164244244608695,1.9061076189162303,3.7875679149780384,35.632862419378554,7.345792850017504,64.500533557329,7.4677151544301745,65.72415461305715,7.607509257799787,73.016592557313,8.055259059855063,68.67565717853489,8.045664807649153,79.37709120453391,7.705862012874945,69.58623166944167
8.0,0.32,0.28,262.0,9690.9697265625,33.72761154174805,81.7468052199633,81.72953162982893,8.759136225633792,-0.014229093633405963,32.81340026855469,2.4249024391174316,0.1062331572175026,0.15152718126773834,0.04624391088766994,0.4495540189147911,0.4562257789287907,2.1077563857934516,4.159516437453398,38.47575562899229,8.036581043265276,68.23827899870328,8.078650429604437,69.8255970438973,8.150162529326822,72.20759657562756,8.65214143853945,71.73773593589918,8.606618790586854,84.1812684106046,8.246690506577622,69.60361168032793
8.0,0.32,0.3,262.0,8926.953125,32.373504638671875,84.28449750562407,84.27128931917294,8.634388932824077,0.12887093179075623,31.42009735107422,2.578111410140991,-0.031538549810647964,0.1828232705593109,0.05372495335970761,0.15101844674205456,0.4959932387211194,2.3101800912227786,4.5323225003764716,41.34886851076222,8.710348476869887,72.08528737552832,8.67519626695063,75.43266171314674,8.753676693537205,75.75901719390369,9.094817284963836,77.42575723616808,8.8775010834774,83.493242107454,8.607216317051273,68.77039174564555
8.0,0.32,0.32,262.0,8060.2568359375,30.818830490112305,86.99729732544574,86.98126094631677,8.650441448155817,0.04225183172436908,29.815879821777344,2.7730772495269775,0.24188591539859772,0.14702609181404114,0.06321780295968027,0.2934712992677356,0.5357606549313344,2.5069713336033903,4.903598453912505,44.030608505499195,9.388318869169298,75.56946551213497,9.282345465907609,81.00949146708501,9.204474532062152,74.91821789350665,9.470706026901508,81.60941702420605,9.1533779273332,81.28060762999489,8.82864217296572,66.27949699026647
8.0,0.4,0.05,262.0,2966.629638671875,22.303590774536133,9.337921218859353,9.29481564092608,8.256393158282616,0.08190445313352439,20.896381378173828,0.40994876623153687,-3.3862483501434326,0.1735270619392395,0.029734007999433792,0.03604848915805132,0.0701342627977978,0.20316273462576948,0.5504705598874119,4.148706500647498,1.0577372910043423,9.826117187249853,1.102525837374516,12.269351521476365,1.0588494200373697,13.844488175188902,1.0147710733413993,12.658445014328256,0.9756744094892205,11.391948012054945,0.9425300098798017,9.789223592789456
8.0,0.4,0.08,262.0,3643.657958984375,24.545764923095703,16.125510657077985,16.121117978849565,8.66124639373864,0.7078907223364812,23.27512550354004,0.3799954354763031,-0.7773459553718567,1.0110219717025757,0.018936132318396175,4.300879188247279,0.10294896514574443,0.29829784494931594,0.8209423415655193,6.089501380920414,1.5864203559127332,14.693679653230268,1.65867079207029,17.77832906754291,1.5984859717529412,18.191738441342213,1.542206265506959,15.535478435578908,1.4986955807749114,13.282343129642689,1.467081003027597,11.735672247214406
8.0,0.4,0.1,262.0,3897.421875,25.229135513305664,21.253884443738553,21.25171716855748,8.350675771989804,-0.07951423071122415,23.994173049926758,0.4230613112449646,-0.08724603801965714,-0.14024269580841064,0.009886341819808776,1.4224876171002647,0.1358677889822039,0.39366078181344955,1.0925154022672987,7.997579056708541,2.121017836476517,19.317994664926992,2.2258724009701165,21.89473886958887,2.150927564045872,21.07256154545017,2.091952213046005,17.520236656314054,2.058052484622975,15.404618060002575,2.0439520187077584,14.385005763319686
8.0,0.4,0.12,262.0,4102.9599609375,25.70241355895996,26.121207988772703,26.10396319344106,8.072249291928975,0.40609449049043267,24.49140739440918,0.4986359775066376,0.035229235887527466,0.4062452018260956,0.0013364564696743168,1.5217371763703476,0.1686973738410326,0.48534059133685997,1.3638334731905588,9.935173753832204,2.659902130792246,23.463191048043658,2.8003136643602327,25.521416585953496,2.716455210220473,23.35391685610911,2.666947402506928,19.73891211337733,2.6599748157768714,18.309796442751047,2.6833518752329937,18.3925165895556
8.0,0.4,0.15,262.0,4282.60693359375,26.06584358215332,30.431710274850015,30.428397809374797,7.736437491685636,0.2870039073379365,24.871339797973633,0.5890042781829834,0.40681737661361694,0.23790480196475983,0.006379661011470678,0.5761946104188854,0.20149386601949373,0.581298011248229,1.6357801977471003,11.790551181699417,3.203819449145563,27.331209651759412,3.3840855565670447,28.46771115162332,3.2963782119550697,25.36100043625127,3.268609094083705,22.341358622566624,3.302744200002125,22.03848416688015,3.3777877817955466,23.621611047963654
8.0,0.4,0.18,262.0,4439.49462890625,26.35064697265625,33.990453088547746,33.98670569484145,7.33296283632845,-0.09156507395342829,25.170135498046875,0.691777765750885,-0.22567611932754517,0.0051537430845201015,0.013108804270027282,0.5408855107139859,0.23438704731758347,0.6805556914845451,1.9085384364527076,13.565942439876624,3.752812143800571,30.873856779004722,3.9756948773596963,30.884804647476933,3.886662759614611,27.47790977603098,3.894884707284395,25.341579249647825,3.9819511405685537,26.53746057729255,4.119505884928697,29.650343597912432
8.0,0.4,0.2,262.0,4592.33447265625,26.612455368041992,37.33336761581401,37.325935379308824,6.982700421359063,-0.2540335963486142,25.44289779663086,0.8099353313446045,0.21625228226184845,-0.14487683773040771,0.019401210459428574,1.4916347171060544,0.26716298584823084,0.7707212987493296,2.1826662328080237,15.247215775192764,4.308400532849839,34.04833715470112,4.576960451498172,33.017064078909435,4.494454355835092,29.579247646644458,4.547555716849483,28.91940007444291,4.693591496914491,31.774667208312017,4.892770430673372,35.443155257428316
8.0,0.4,0.22,262.0,4710.59765625,26.783411026000977,40.11559922304616,40.10872571182141,6.630588373702259,-0.06147615576617126,25.62197494506836,0.9219581484794617,0.14082400500774384,-0.005266191903501749,0.025169823117710717,0.7432695600376394,0.2999576533435425,0.8654960257108094,2.45798866232711,16.894580594828874,4.871774615733389,36.67805906201972,5.183646286266336,35.08547298243789,5.11125486178326,31.928738453349112,5.218886867846598,32.91788320072365,5.428271111890598,37.15753273885762,5.676431973778325,39.930244821016956
8.0,0.4,0.25,262.0,4837.9775390625,26.963714599609375,43.223777482398766,43.21668321736157,6.389702821820947,-0.002494939304567808,25.81097984313965,1.0606505870819092,0.0619850717484951,0.03141441196203232,0.031047413964664122,0.21252010632419455,0.3326569505526629,0.9590526487006515,2.7346238454181897,18.528355438201146,5.442920736323824,39.18114271320279,5.8019107190085375,37.136509379402526,5.743435389738315,34.68137647284838,5.913028844984813,37.54796762935455,6.185394459920194,42.4274432072874,6.434716440152311,43.263995061155235
8.0,0.4,0.28,262.0,4942.6416015625,27.07809829711914,46.23761111429347,46.234732475574,6.189666737270892,-0.059170640113016613,25.927839279174805,1.190980076789856,-0.09894967824220657,-0.49548470973968506,0.03699636092574579,0.5344470477361158,0.3653975126685606,1.05167170039943,3.0125825474716934,20.11975261031603,6.0216659523700775,41.42095221847782,6.4236855721007124,39.46006149542136,6.382553318902336,37.81495641489497,6.6050988663330354,42.645128594070236,6.912788134439575,46.88365998815323,7.150769178131532,45.50480076524082
8.0,0.4,0.3,262.0,5103.505859375,27.265851974487305,51.194997773808474,51.18228670018593,6.2413429402230705,0.1514818801474403,26.12701988220215,1.4161760807037354,0.09534212201833725,0.1564851552248001,0.044974389990902634,0.15618286805611872,0.39805265847579224,1.1378281233740635,3.2918956529328427,21.72208856363764,6.609582659883592,43.68020729940444,7.064058071722729,41.66458380026894,7.037002492828481,41.8489574995197,7.326715299736763,47.97625932537144,7.686182212196568,50.13945532626799,7.921870497661442,47.92128265881153
8.0,0.4,0.32,262.0,5191.06787109375,27.33002281188965,54.99264120042493,54.98359200667814,6.175990701219064,-0.12951370343522678,26.192832946777344,1.5859874486923218,0.17102040350437164,0.0023569068871438503,0.05193061970917563,0.7483703465444886,0.4306858395724285,1.2299566972451133,3.5728101055517856,23.299893238505387,7.2035988441197585,45.81879099861518,7.701241280300923,44.40208560130633,7.704277461803727,45.92909515881145,8.062137905279556,52.844043168865326,8.446598039741495,52.62829389728485,8.607022740021081,52.01435026575312
